{
  "bpr_mf": {
    "precision@10": {
      "mean": 0.0003652090341182124,
      "std": 0.0,
      "values": [
        0.0003652090341182124,
        0.0003652090341182124,
        0.0003652090341182124,
        0.0003652090341182124,
        0.0003652090341182124
      ],
      "n_runs": 5
    },
    "coverage": {
      "mean": 0.0009153916568588989,
      "std": 0.0,
      "values": [
        0.0009153916568588989,
        0.0009153916568588989,
        0.0009153916568588989,
        0.0009153916568588989,
        0.0009153916568588989
      ],
      "n_runs": 5
    },
    "ndcg@50": {
      "mean": 0.0012165429525913185,
      "std": 0.0,
      "values": [
        0.0012165429525913185,
        0.0012165429525913185,
        0.0012165429525913185,
        0.0012165429525913185,
        0.0012165429525913185
      ],
      "n_runs": 5
    },
    "recall@50": {
      "mean": 0.0030684056847729156,
      "std": 0.0,
      "values": [
        0.0030684056847729156,
        0.0030684056847729156,
        0.0030684056847729156,
        0.0030684056847729156,
        0.0030684056847729156
      ],
      "n_runs": 5
    },
    "precision@50": {
      "mean": 0.0004132628543969246,
      "std": 6.06087439757635e-20,
      "values": [
        0.00041326285439692454,
        0.00041326285439692454,
        0.00041326285439692454,
        0.00041326285439692454,
        0.00041326285439692454
      ],
      "n_runs": 5
    },
    "recall@10": {
      "mean": 0.0005163481867847261,
      "std": 0.0,
      "values": [
        0.0005163481867847261,
        0.0005163481867847261,
        0.0005163481867847261,
        0.0005163481867847261,
        0.0005163481867847261
      ],
      "n_runs": 5
    },
    "ndcg@10": {
      "mean": 0.0006064028784950756,
      "std": 0.0,
      "values": [
        0.0006064028784950756,
        0.0006064028784950756,
        0.0006064028784950756,
        0.0006064028784950756,
        0.0006064028784950756
      ],
      "n_runs": 5
    },
    "precision@20": {
      "mean": 0.00035559827006247,
      "std": 0.0,
      "values": [
        0.00035559827006247,
        0.00035559827006247,
        0.00035559827006247,
        0.00035559827006247,
        0.00035559827006247
      ],
      "n_runs": 5
    },
    "ndcg@20": {
      "mean": 0.001052409365533407,
      "std": 0.0,
      "values": [
        0.001052409365533407,
        0.001052409365533407,
        0.001052409365533407,
        0.001052409365533407,
        0.001052409365533407
      ],
      "n_runs": 5
    },
    "recall@20": {
      "mean": 0.0016412049590675316,
      "std": 0.0,
      "values": [
        0.0016412049590675316,
        0.0016412049590675316,
        0.0016412049590675316,
        0.0016412049590675316,
        0.0016412049590675316
      ],
      "n_runs": 5
    }
  },
  "lightgcn": {
    "precision@10": {
      "mean": 0.0003652090341182124,
      "std": 0.0,
      "values": [
        0.0003652090341182124,
        0.0003652090341182124,
        0.0003652090341182124,
        0.0003652090341182124,
        0.0003652090341182124
      ],
      "n_runs": 5
    },
    "coverage": {
      "mean": 0.0009153916568588989,
      "std": 0.0,
      "values": [
        0.0009153916568588989,
        0.0009153916568588989,
        0.0009153916568588989,
        0.0009153916568588989,
        0.0009153916568588989
      ],
      "n_runs": 5
    },
    "ndcg@50": {
      "mean": 0.0012165429525913185,
      "std": 0.0,
      "values": [
        0.0012165429525913185,
        0.0012165429525913185,
        0.0012165429525913185,
        0.0012165429525913185,
        0.0012165429525913185
      ],
      "n_runs": 5
    },
    "recall@50": {
      "mean": 0.0030684056847729156,
      "std": 0.0,
      "values": [
        0.0030684056847729156,
        0.0030684056847729156,
        0.0030684056847729156,
        0.0030684056847729156,
        0.0030684056847729156
      ],
      "n_runs": 5
    },
    "precision@50": {
      "mean": 0.0004132628543969246,
      "std": 6.06087439757635e-20,
      "values": [
        0.00041326285439692454,
        0.00041326285439692454,
        0.00041326285439692454,
        0.00041326285439692454,
        0.00041326285439692454
      ],
      "n_runs": 5
    },
    "recall@10": {
      "mean": 0.0005163481867847261,
      "std": 0.0,
      "values": [
        0.0005163481867847261,
        0.0005163481867847261,
        0.0005163481867847261,
        0.0005163481867847261,
        0.0005163481867847261
      ],
      "n_runs": 5
    },
    "ndcg@10": {
      "mean": 0.0006064028784950756,
      "std": 0.0,
      "values": [
        0.0006064028784950756,
        0.0006064028784950756,
        0.0006064028784950756,
        0.0006064028784950756,
        0.0006064028784950756
      ],
      "n_runs": 5
    },
    "precision@20": {
      "mean": 0.00035559827006247,
      "std": 0.0,
      "values": [
        0.00035559827006247,
        0.00035559827006247,
        0.00035559827006247,
        0.00035559827006247,
        0.00035559827006247
      ],
      "n_runs": 5
    },
    "ndcg@20": {
      "mean": 0.001052409365533407,
      "std": 0.0,
      "values": [
        0.001052409365533407,
        0.001052409365533407,
        0.001052409365533407,
        0.001052409365533407,
        0.001052409365533407
      ],
      "n_runs": 5
    },
    "recall@20": {
      "mean": 0.0016412049590675316,
      "std": 0.0,
      "values": [
        0.0016412049590675316,
        0.0016412049590675316,
        0.0016412049590675316,
        0.0016412049590675316,
        0.0016412049590675316
      ],
      "n_runs": 5
    }
  },
  "gcnii": {
    "precision@10": {
      "mean": 0.0003652090341182124,
      "std": 0.0,
      "values": [
        0.0003652090341182124,
        0.0003652090341182124,
        0.0003652090341182124,
        0.0003652090341182124,
        0.0003652090341182124
      ],
      "n_runs": 5
    },
    "coverage": {
      "mean": 0.0009153916568588989,
      "std": 0.0,
      "values": [
        0.0009153916568588989,
        0.0009153916568588989,
        0.0009153916568588989,
        0.0009153916568588989,
        0.0009153916568588989
      ],
      "n_runs": 5
    },
    "ndcg@50": {
      "mean": 0.0012165429525913185,
      "std": 0.0,
      "values": [
        0.0012165429525913185,
        0.0012165429525913185,
        0.0012165429525913185,
        0.0012165429525913185,
        0.0012165429525913185
      ],
      "n_runs": 5
    },
    "recall@50": {
      "mean": 0.0030684056847729156,
      "std": 0.0,
      "values": [
        0.0030684056847729156,
        0.0030684056847729156,
        0.0030684056847729156,
        0.0030684056847729156,
        0.0030684056847729156
      ],
      "n_runs": 5
    },
    "precision@50": {
      "mean": 0.0004132628543969246,
      "std": 6.06087439757635e-20,
      "values": [
        0.00041326285439692454,
        0.00041326285439692454,
        0.00041326285439692454,
        0.00041326285439692454,
        0.00041326285439692454
      ],
      "n_runs": 5
    },
    "recall@10": {
      "mean": 0.0005163481867847261,
      "std": 0.0,
      "values": [
        0.0005163481867847261,
        0.0005163481867847261,
        0.0005163481867847261,
        0.0005163481867847261,
        0.0005163481867847261
      ],
      "n_runs": 5
    },
    "ndcg@10": {
      "mean": 0.0006064028784950756,
      "std": 0.0,
      "values": [
        0.0006064028784950756,
        0.0006064028784950756,
        0.0006064028784950756,
        0.0006064028784950756,
        0.0006064028784950756
      ],
      "n_runs": 5
    },
    "precision@20": {
      "mean": 0.00035559827006247,
      "std": 0.0,
      "values": [
        0.00035559827006247,
        0.00035559827006247,
        0.00035559827006247,
        0.00035559827006247,
        0.00035559827006247
      ],
      "n_runs": 5
    },
    "ndcg@20": {
      "mean": 0.001052409365533407,
      "std": 0.0,