{
  "bpr_mf": {
    "recall@10": {
      "mean_a": 0.022637045929772497,
      "std_a": 0.004352578054953008,
      "mean_b": 0.0041734485855089475,
      "std_b": 0.0003447975159733732,
      "t_stat": 9.399098671266158,
      "p_value": 0.0003570209902167712,
      "significant": true,
      "improvement": 442.4062490759529
    },
    "ndcg@10": {
      "mean_a": 0.20035753858814304,
      "std_a": 0.03426579074382945,
      "mean_b": 0.05830679352629838,
      "std_b": 0.004883009388903382,
      "t_stat": 10.17845633178306,
      "p_value": 0.0002623924287887216,
      "significant": true,
      "improvement": 243.6264052108694
    },
    "precision@10": {
      "mean_a": 0.18992,
      "std_a": 0.030287158995191316,
      "mean_b": 0.05711999999999999,
      "std_b": 0.004546647116282502,
      "t_stat": 11.02509468604909,
      "p_value": 0.00019237134005609517,
      "significant": true,
      "improvement": 232.49299719887966
    }
  },
  "lightgcn": {
    "recall@10": {
      "mean_a": 0.003958580547829967,
      "std_a": 0.0005784469369506023,
      "mean_b": 0.0041734485855089475,
      "std_b": 0.0003447975159733732,
      "t_stat": -0.8329763629842889,
      "p_value": 0.7741478700268897,
      "significant": false,
      "improvement": -5.148452970645083
    },
    "ndcg@10": {
      "mean_a": 0.051696775356441384,
      "std_a": 0.005871344645116594,
      "mean_b": 0.05830679352629838,
      "std_b": 0.004883009388903382,
      "t_stat": -2.3806924535805565,
      "p_value": 0.9620339724270526,
      "significant": false,
      "improvement": -11.336617519321573
    },
    "precision@10": {
      "mean_a": 0.05216,
      "std_a": 0.00648444292133102,
      "mean_b": 0.05711999999999999,
      "std_b": 0.004546647116282502,
      "t_stat": -1.335884282124573,
      "p_value": 0.8737368282995117,
      "significant": false,
      "improvement": -8.68347338935573
    }
  },
  "gcnii": {
    "recall@10": {
      "mean_a": 0.00426155997755836,
      "std_a": 0.0003436707834108473,
      "mean_b": 0.0041734485855089475,
      "std_b": 0.0003447975159733732,
      "t_stat": 0.994798994523786,
      "p_value": 0.18806984948463046,
      "significant": false,
      "improvement": 2.111237032015983
    },
    "ndcg@10": {
      "mean_a": 0.05812987120152928,
      "std_a": 0.005336576368037334,
      "mean_b": 0.05830679352629838,
      "std_b": 0.004883009388903382,
      "t_stat": -0.3909792273348442,
      "p_value": 0.6421279119024634,
      "significant": false,
      "improvement": -0.3034334664438465
    },
    "precision@10": {
      "mean_a": 0.0576,
      "std_a": 0.004963869458396342,
      "mean_b": 0.05711999999999999,
      "std_b": 0.004546647116282502,
      "t_stat": 0.7385489458759958,
      "p_value": 0.2505846837100818,
      "significant": false,
      "improvement": 0.8403361344537961
    }
  },
  "dgr": {
    "recall@10": {
      "mean_a": 0.004275845691844073,
      "std_a": 0.00035593985062922363,
      "mean_b": 0.0041734485855089475,
      "std_b": 0.0003447975159733732,
      "t_stat": 1.1578017333287483,
      "p_value": 0.1556844325867112,
      "significant": false,
      "improvement": 2.453537026685046
    },
    "ndcg@10": {
      "mean_a": 0.05813988791985155,
      "std_a": 0.0048596542336959885,
      "mean_b": 0.05830679352629838,
      "std_b": 0.004883009388903382,
      "t_stat": -0.43458847850655463,
      "p_value": 0.6568608243425089,
      "significant": false,
      "improvement": -0.28625413327102606
    },
    "precision@10": {
      "mean_a": 0.05775999999999999,
      "std_a": 0.004359816509900386,
      "mean_b": 0.05711999999999999,
      "std_b": 0.004546647116282502,
      "t_stat": 0.9999999999999959,
      "p_value": 0.18695048315003032,
      "significant": false,
      "improvement": 1.1204481792717118
    }
  },
  "groupshuffle_gnn": {
    "recall@10": {
      "mean_a": 0.005902994645368766,
      "std_a": 0.0,
      "mean_b": 0.0041734485855089475,
      "std_b": 0.0003447975159733732,
      "t_stat": 11.216387534422173,
      "p_value": 0.00017990324117954904,
      "significant": true,
      "improvement": 41.441652494897156
    },
    "ndcg@10": {
      "mean_a": 0.057439443147411985,
      "std_a": 0.0,
      "mean_b": 0.05830679352629838,
      "std_b": 0.004883009388903382,
      "t_stat": -0.3971842470562525,
      "p_value": 0.6442434347722219,
      "significant": false,
      "improvement": -1.487563157619347
    },
    "precision@10": {
      "mean_a": 0.06639999999999999,
      "std_a": 0.0,
      "mean_b": 0.05711999999999999,
      "std_b": 0.004546647116282502,
      "t_stat": 4.563958957114871,
      "p_value": 0.005153927156129566,
      "significant": true,
      "improvement": 16.246498599439775
    }
  }
}