{
  "orthogonal_bundle": {
    "mcs": {
      "mean": 0.34829652309417725,
      "std": 0.0,
      "values": [
        0.34829652309417725
      ],
      "n_runs": 1
    },
    "recall@20": {
      "mean": 0.1589259529432896,
      "std": 0.0,
      "values": [
        0.1589259529432896
      ],
      "n_runs": 1
    },
    "ndcg@20": {
      "mean": 0.15086515415796972,
      "std": 0.0,
      "values": [
        0.15086515415796972
      ],
      "n_runs": 1
    },
    "mad": {
      "mean": 0.5483426451683044,
      "std": 0.0,
      "values": [
        0.5483426451683044
      ],
      "n_runs": 1
    },
    "coverage@20": {
      "mean": 0.07809847198641766,
      "std": 0.0,
      "values": [
        0.07809847198641766
      ],
      "n_runs": 1
    },
    "gini@10": {
      "mean": 0.9863220645630457,
      "std": 0.0,
      "values": [
        0.9863220645630457
      ],
      "n_runs": 1
    },
    "ndcg@10": {
      "mean": 0.14380201726461342,
      "std": 0.0,
      "values": [
        0.14380201726461342
      ],
      "n_runs": 1
    },
    "variance": {
      "mean": 0.003707712981849909,
      "std": 0.0,
      "values": [
        0.003707712981849909
      ],
      "n_runs": 1
    },
    "precision@10": {
      "mean": 0.10414507772020724,
      "std": 0.0,
      "values": [
        0.10414507772020724
      ],
      "n_runs": 1
    },
    "gini@20": {
      "mean": 0.9751811418903267,
      "std": 0.0,
      "values": [
        0.9751811418903267
      ],
      "n_runs": 1
    },
    "precision@20": {
      "mean": 0.08221070811744387,
      "std": 0.0,
      "values": [
        0.08221070811744387
      ],
      "n_runs": 1
    },
    "coverage@10": {
      "mean": 0.04753820033955857,
      "std": 0.0,
      "values": [
        0.04753820033955857
      ],
      "n_runs": 1
    },
    "recall@10": {
      "mean": 0.1067889212628933,
      "std": 0.0,
      "values": [
        0.1067889212628933
      ],
      "n_runs": 1
    }
  }
}