{
  "bpr_mf": {
    "precision@10": {
      "mean": 0.18992,
      "std": 0.030287158995191316,
      "values": [
        0.17440000000000003,
        0.21039999999999998,
        0.23279999999999998,
        0.16240000000000004,
        0.16960000000000003
      ],
      "n_runs": 5
    },
    "coverage": {
      "mean": 0.1860731599823711,
      "std": 0.004552476512513609,
      "values": [
        0.1886293521375055,
        0.1864257382106655,
        0.18378140149845748,
        0.19171441163508154,
        0.17981489643014545
      ],
      "n_runs": 5
    },
    "ndcg@50": {
      "mean": 0.17347344228112868,
      "std": 0.023654374790288354,
      "values": [
        0.15705242607486497,
        0.18236105496610575,
        0.2112241564153402,
        0.16034203334414435,
        0.15638754060518817
      ],
      "n_runs": 5
    },
    "recall@50": {
      "mean": 0.08054052780966162,
      "std": 0.008146377343711897,
      "values": [
        0.07473271222402249,
        0.07896607320931355,
        0.0948621479610405,
        0.07690036322648093,
        0.07724134242745055
      ],
      "n_runs": 5
    },
    "precision@50": {
      "mean": 0.14620800000000003,
      "std": 0.018572547482776848,
      "values": [
        0.12992,
        0.14880000000000002,
        0.17664000000000005,
        0.1424,
        0.13328
      ],
      "n_runs": 5
    },
    "recall@10": {
      "mean": 0.022637045929772497,
      "std": 0.004352578054953008,
      "values": [
        0.023550658657823412,
        0.02288269689375064,
        0.02877376765276285,
        0.016685832087486065,
        0.02129227435703954
      ],
      "n_runs": 5
    },
    "ndcg@10": {
      "mean": 0.20035753858814304,
      "std": 0.03426579074382945,
      "values": [
        0.18847910497620604,
        0.22627963663318132,
        0.24585204789456067,
        0.16603994284626014,
        0.17513696059050707
      ],
      "n_runs": 5
    },
    "precision@20": {
      "mean": 0.16904000000000002,
      "std": 0.025618118588217973,
      "values": [
        0.14480000000000004,
        0.1856,
        0.2056,
        0.1568,
        0.15240000000000004
      ],
      "n_runs": 5
    },
    "ndcg@20": {
      "mean": 0.18304803876316197,
      "std": 0.029619396972379166,
      "values": [
        0.16338834490145368,
        0.2041074028977311,
        0.22483915962631867,
        0.16136801145008633,
        0.16153727494021994
      ],
      "n_runs": 5
    },
    "recall@20": {
      "mean": 0.039861773932816036,
      "std": 0.005923702557266239,
      "values": [
        0.036816309161117944,
        0.042554466217444645,
        0.04884532682819134,
        0.033830844064258105,
        0.03726192339306813
      ],
      "n_runs": 5
    }
  },
  "lightgcn": {
    "precision@10": {
      "mean": 0.05216,
      "std": 0.00648444292133102,
      "values": [
        0.0432,
        0.0584,
        0.05359999999999999,
        0.0576,
        0.048
      ],
      "n_runs": 5
    },
    "coverage": {
      "mean": 0.37117672983693256,
      "std": 0.009028903029482619,
      "values": [
        0.35698545614808286,
        0.373292199206699,
        0.38078448655795505,
        0.375936535918907,
        0.36888497135301895
      ],
      "n_runs": 5
    },
    "ndcg@50": {
      "mean": 0.05977109992543794,
      "std": 0.004402075761819618,
      "values": [
        0.05567428166859588,
        0.06706918767241639,
        0.05717372772379645,
        0.05998799188177123,
        0.05895031068060975
      ],
      "n_runs": 5
    },
    "recall@50": {
      "mean": 0.024800545833823538,
      "std": 0.0029906627148456365,
      "values": [
        0.028279464755241786,
        0.024878625437852495,
        0.020828637794956445,
        0.023032506704422463,
        0.02698349447664451
      ],
      "n_runs": 5
    },
    "precision@50": {
      "mean": 0.058399999999999994,
      "std": 0.004276821249479573,
      "values": [
        0.053759999999999995,
        0.06496,
        0.05776,
        0.05968,
        0.05584
      ],
      "n_runs": 5
    },
    "recall@10": {
      "mean": 0.003958580547829967,
      "std": 0.0005784469369506023,
      "values": [
        0.0035845181727668166,
        0.004951103796120598,
        0.0035212478726885875,
        0.003814561814667926,
        0.003921471082905904
      ],
      "n_runs": 5
    },
    "ndcg@10": {
      "mean": 0.051696775356441384,
      "std": 0.005871344645116594,
      "values": [
        0.044278343039761296,
        0.06023341263668767,
        0.05006417533541732,
        0.0538494614381675,
        0.05005848433217312
      ],
      "n_runs": 5
    },
    "precision@20": {
      "mean": 0.05367999999999999,
      "std": 0.005666745097496443,
      "values": [
        0.045200000000000004,
        0.0604,
        0.0536,
        0.05679999999999999,
        0.052399999999999995
      ],
      "n_runs": 5
    },
    "ndcg@20": {
      "mean": 0.05299155785895231,
      "std": 0.00574000336119272,
      "values": [
        0.045317689401395286,
        0.06113460744305907,
        0.051215648716676256,
        0.05478189556434398,
        0.052507948169286923
      ],
      "n_runs": 5
    },
    "recall@20": {
      "mean": 0.007910404415883341,
      "std": 0.0007323983744855007,
      "values": [
        0.007711919352290621,
        0.008696294028265937,
        0.00693028313592953,
        0.007631968208207885,
        0.008581557354722736
      ],
      "n_runs": 5
    }
  },
  "gcnii": {
    "precision@10": {
      "mean": 0.0576,
      "std": 0.004963869458396342,
      "values": [
        0.056,
        0.0568,
        0.0648,
        0.051199999999999996,
        0.059199999999999996
      ],
      "n_runs": 5
    },
    "coverage": {
      "mean": 0.43261348611723227,
      "std": 0.004369605837971058,
      "values": [
        0.42661965623622744,
        0.43278977523137946,
        0.4367562802996915,
        0.4367562802996915,
        0.4301454385191714
      ],
      "n_runs": 5
    },
    "ndcg@50": {
      "mean": 0.06106851732836349,
      "std": 0.0020051267175545877,
      "values": [
        0.059378703517736636,
        0.06071596983732803,
        0.06317770231465396,
        0.0589552643674808,
        0.06311494660461804
      ],
      "n_runs": 5
    },
    "recall@50": {
      "mean": 0.02160050183844326,
      "std": 0.0018561494472317224,
      "values": [
        0.020022193229141273,
        0.022876438877010515,
        0.021909572666684526,
        0.019410083112432818,
        0.023784221306947174
      ],
      "n_runs": 5
    },
    "precision@50": {
      "mean": 0.058752000000000006,
      "std": 0.0017578168277724447,
      "values": [
        0.05951999999999999,
        0.056960000000000004,
        0.06063999999999999,
        0.0568,
        0.05984
      ],
      "n_runs": 5
    },
    "recall@10": {
      "mean": 0.00426155997755836,
      "std": 0.0003436707834108473,
      "values": [
        0.0044078405654903625,
        0.004073811208897017,
        0.004015294100620396,
        0.004009353469768789,
        0.004801500543015229
      ],
      "n_runs": 5
    },
    "ndcg@10": {
      "mean": 0.05812987120152928,
      "std": 0.005336576368037334,
      "values": [
        0.052342333224140274,
        0.0591698683586792,
        0.06536086958816417,
        0.053426359569031225,
        0.06034992526763156
      ],
      "n_runs": 5
    },
    "precision@20": {
      "mean": 0.057199999999999994,
      "std": 0.003187475490101846,
      "values": [
        0.054400000000000004,
        0.056,
        0.062,
        0.054799999999999995,
        0.058800000000000005
      ],
      "n_runs": 5
    },
    "ndcg@20": {
      "mean": 0.05766940255363436,
      "std": 0.0039625127892898866,